<Ui xmlns="http://www.blizzard.com/wow/ui/" xmlns:xsi="http://www.w3.org/2001/XMLSchema-instance" xsi:schemaLocation="http://www.blizzard.com/wow/ui/
..\FrameXML\UI.xsd">

<Script>
___ZGV_TIMESTAMP_LOADLOCALIZATIONXML_START = debugprofilestop()
</Script>

<Script file="Base.lua"/>

<Script file="Quests_deDE.lua"/>
<Script file="Quests_enUS.lua"/>
<Script file="Quests_esES.lua"/>
<Script file="Quests_esMX.lua"/>
<Script file="Quests_frFR.lua"/>
<Script file="Quests_ptBR.lua"/>
<Script file="Quests_ruRU.lua"/>

<Script file="Core_enUS.lua"/>
<Script file="Core_deDE.lua"/>
<Script file="Core_esES.lua"/>
<Script file="Core_frFR.lua"/>
<Script file="Core_koKR.lua"/>
<Script file="Core_ptBR.lua"/>
<Script file="Core_ruRU.lua"/>
<Script file="Core_zhCN.lua"/>
<Script file="Core_zhTW.lua"/>

<!--
<Script file="Guides_Leveling_deDE.lua"/>
<Script file="Guides_Leveling_esES.lua"/>
<Script file="Guides_Leveling_frFR.lua"/>
<Script file="Guides_Leveling_ptBR.lua"/>
<Script file="Guides_Leveling_ruRU.lua"/>
<Script file="Guides_Leveling_zhCN.lua"/>
-->

<Script file="NPCs_enUS.lua"/>
<Script file="NPCs_deDE.lua"/>
<Script file="NPCs_esES.lua"/>
<Script file="NPCs_frFR.lua"/>
<Script file="NPCs_koKR.lua"/>
<Script file="NPCs_ruRU.lua"/>
<Script file="NPCs_zhCN.lua"/>
<Script file="NPCs_zhTW.lua"/>

<!-- bfa alpha change
<Script file="Core_esES.lua"/>
<Script file="Core_frFR.lua"/>
<Script file="Core_ptBR.lua"/>

<Script file="NPCs_ptBR.lua"/>

<Script file="Guides_Leveling_koKR.lua"/>
<Script file="Guides_Leveling_zhTW.lua"/>
-->

<Script file="Fallback.lua"/>

<Script>
___ZGV_TIMESTAMP_LOADLOCALIZATIONXML_END = debugprofilestop()
</Script>
</Ui>
