<Ui xmlns="http://www.blizzard.com/wow/ui/" xmlns:xsi="http://www.w3.org/2001/XMLSchema-instance" xsi:schemaLocation="http://www.blizzard.com/wow/ui/
..\FrameXML\UI.xsd">
	<Script>
	___ZGV_TIMESTAMP_LOADLIBSXML_START = debugprofilestop()
	</Script>
	<Script file="LibStub\LibStub.lua"/>

	<Include file="CallbackHandler-1.0\CallbackHandler-1.0.xml"/>
	<Include file="AceAddon-3.0\AceAddon-3.0.xml"/>
	<Include file="AceGUI-3.0\AceGUI-3.0.xml"/>
	<Include file="AceConfig-3.0\AceConfig-3.0.xml"/>
	<Include file="AceEvent-3.0\AceEvent-3.0.xml"/>
	<Include file="AceDB-3.0\AceDB-3.0.xml"/>
	<Include file="AceDBOptions-3.0\AceDBOptions-3.0.xml"/>
	<Include file="AceHook-3.0\AceHook-3.0.xml"/>
	<Include file="AceLocale-3.0\AceLocale-3.0.xml"/>
	<Include file="AceConsole-3.0\AceConsole-3.0.xml"/>
	<Include file="AceTimer-3.0\AceTimer-3.0.xml"/>
	<Include file="AceComm-3.0\AceComm-3.0.xml"/>

	<Include file="LibBabble-SubZone-3.0\lib.xml"/>
	<Include file="LibBabble-Faction-3.0\lib.xml"/>
	<Include file="LibBetterBlizzOptions-1.0\lib.xml"/>
	<Include file="LibGratuity-3.0\lib.xml"/>

	<Include file="HereBeDragons\HereBeDragons-2.0.lua"/>
	<Include file="HereBeDragons\HereBeDragons-Pins-2.0.lua"/>

	<Include file="UIDropDownFork.xml"/>
	<Script file="EasyFork.lua"/>

	<Script>
	___ZGV_TIMESTAMP_LOADLIBSXML_END=debugprofilestop()
	</Script>
</Ui>